"","species","rgn_id"
"1","Acadian_redfish",12
"2","Alewife",12
"3","American_lobster",12
"4","American_plaice",12
"5","American_shad",12
"6","arctic_tern_normalized_AEA",12
"7","Atlantic spotted dolphin",12
"8","Atlantic white sided dolphin",12
"9","Atlantic_cod",12
"10","Atlantic_croaker",12
"11","Atlantic_halibut",12
"12","Atlantic_herring",12
"13","Atlantic_mackerel",12
"14","Atlantic_menhaden",12
"15","atlantic_puffin_normalized_AEA",12
"16","Atlantic_sturgeon",12
"17","Atlantic_torpedo",12
"18","Atlantic_wolffish",12
"19","audubons_shearwater_normalized_AEA",12
"20","band_rumped_storm_petrel_normalized_AEA",12
"21","Barndoor_skate",12
"22","Bay_anchovy",12
"23","black_capped_petrel_normalized_AEA",12
"24","black_guillemot_normalized_AEA",12
"25","black_legged_kittiwake_normalized_AEA",12
"26","black_scoter_normalized_AEA",12
"27","Black_sea_bass",12
"28","Blackbelly_rosefish",12
"29","Blainvilles beaked whale",12
"30","Blueback_herring",12
"31","Bluefish",12
"32","bonapartes_gull_normalized_AEA",12
"33","Bottlenose dolphin",12
"34","bridled_tern_normalized_AEA",12
"35","brown_pelican_normalized_AEA",12
"36","Bullnose_ray",12
"37","Butterfish",12
"38","Clearnose_skate",12
"39","common_eider_normalized_AEA",12
"40","common_loon_normalized_AEA",12
"41","common_murre_normalized_AEA",12
"42","common_tern_normalized_AEA",12
"43","corys_shearwater_normalized_AEA",12
"44","Cunner",12
"45","Cusk",12
"46","Cuviers beaked whale",12
"47","double_crested_cormorant_normalized_AEA",12
"48","dovekie_normalized_AEA",12
"49","Fin whale",12
"50","Fourspot_flounder",12
"51","Gervais beaked whale",12
"52","Goosefish",12
"53","great_black_backed_gull_normalized_AEA",12
"54","great_shearwater_normalized_AEA",12
"55","great_skua_normalized_AEA",12
"56","Gulf_stream_flounder",12
"57","Haddock",12
"58","Harbor porpoise",12
"59","herring_gull_normalized_AEA",12
"60","horned_grebe_normalized_AEA",12
"61","Horseshoe_crab",12
"62","Humpback whale",12
"63","Jonah_crab",12
"64","laughing_gull_normalized_AEA",12
"65","leachs_storm_petrel_normalized_AEA",12
"66","least_tern_normalized_AEA",12
"67","Little_skate",12
"68","Long finned pilot whale",12
"69","long_tailed_duck_normalized_AEA",12
"70","Longfin_squid",12
"71","Longhorn_sculpin",12
"72","manx_shearwater_normalized_AEA",12
"73","Minke whale",12
"74","North Atlantic right whale",12
"75","northern_fulmar_normalized_AEA",12
"76","northern_gannet_normalized_AEA",12
"77","Northern_kingfish",12
"78","Northern_pipefish",12
"79","Northern_puffer",12
"80","Northern_sand_lance",12
"81","Northern_searobin",12
"82","Northern_shortfin_squid",12
"83","Northern_shrimp",12
"84","Ocean_pout",12
"85","parasitic_jaeger_normalized_AEA",12
"86","Pinfish",12
"87","Pollock",12
"88","pomarine_jaeger_normalized_AEA",12
"89","razorbill_normalized_AEA",12
"90","red_breasted_merganser_normalized_AEA",12
"91","Red_hake",12
"92","red_necked_phalarope_normalized_AEA",12
"93","red_phalarope_normalized_AEA",12
"94","red_throated_loon_normalized_AEA",12
"95","ring_billed_gull_normalized_AEA",12
"96","Rissos dolphin",12
"97","roseate_tern_normalized_AEA",12
"98","Rosette_skate",12
"99","Roughtail_stingray",12
"100","Round_herring",12
"101","royal_tern_normalized_AEA",12
"102","Scup",12
"103","Sea_raven",12
"104","Sea_scallop",12
"105","Sei whale",12
"106","Short beaked common dolphin",12
"107","Short finned pilot whale",12
"108","Silver_hake",12
"109","Smooth_dogfish",12
"110","Smooth_skate",12
"111","sooty_shearwater_normalized_AEA",12
"112","sooty_tern_normalized_AEA",12
"113","south_polar_skua_normalized_AEA",12
"114","Sowerbys beaked whale",12
"115","Sperm whale",12
"116","Spiny_dogfish",12
"117","Spot",12
"118","Spotted_hake",12
"119","Striped dolphin",12
"120","Striped_anchovy",12
"121","Striped_bass",12
"122","Striped_searobin",12
"123","Summer_flounder",12
"124","surf_scoter_normalized_AEA",12
"125","Tautog",12
"126","thick_billed_murre_normalized_AEA",12
"127","Thorny_skate",12
"128","Tilefish",12
"129","Trues beaked whale",12
"130","Weakfish",12
"131","White_hake",12
"132","white_winged_scoter_normalized_AEA",12
"133","wilsons_storm_petrel_normalized_AEA",12
"134","Windowpane",12
"135","Winter_flounder",12
"136","Winter_skate",12
"137","Witch_flounder",12
"138","Yellowtail_flounder",12
"139","Acadian_redfish",1
"140","Acadian_redfish",2
"141","Acadian_redfish",3
"142","Acadian_redfish",6
"143","Acadian_redfish",7
"144","Alewife",1
"145","Alewife",2
"146","Alewife",3
"147","Alewife",4
"148","Alewife",6
"149","Alewife",7
"150","Alewife",8
"151","Alewife",9
"152","Alewife",10
"153","Alewife",11
"154","American_lobster",1
"155","American_lobster",2
"156","American_lobster",3
"157","American_lobster",4
"158","American_lobster",6
"159","American_lobster",7
"160","American_lobster",8
"161","American_lobster",9
"162","American_lobster",10
"163","American_lobster",11
"164","American_plaice",2
"165","American_plaice",3
"166","American_plaice",6
"167","American_plaice",7
"168","American_plaice",9
"169","American_shad",1
"170","American_shad",2
"171","American_shad",3
"172","American_shad",4
"173","American_shad",6
"174","American_shad",7
"175","American_shad",8
"176","American_shad",9
"177","American_shad",10
"178","American_shad",11
"179","arctic_tern_normalized_AEA",1
"180","arctic_tern_normalized_AEA",2
"181","arctic_tern_normalized_AEA",3
"182","arctic_tern_normalized_AEA",4
"183","arctic_tern_normalized_AEA",6
"184","arctic_tern_normalized_AEA",7
"185","arctic_tern_normalized_AEA",8
"186","arctic_tern_normalized_AEA",9
"187","arctic_tern_normalized_AEA",10
"188","arctic_tern_normalized_AEA",11
"189","Atlantic spotted dolphin",1
"190","Atlantic white sided dolphin",1
"191","Atlantic white sided dolphin",2
"192","Atlantic white sided dolphin",3
"193","Atlantic white sided dolphin",4
"194","Atlantic white sided dolphin",6
"195","Atlantic white sided dolphin",7
"196","Atlantic_cod",2
"197","Atlantic_cod",3
"198","Atlantic_cod",4
"199","Atlantic_cod",6
"200","Atlantic_cod",7
"201","Atlantic_cod",9
"202","Atlantic_cod",11
"203","Atlantic_croaker",4
"204","Atlantic_halibut",2
"205","Atlantic_halibut",3
"206","Atlantic_halibut",6
"207","Atlantic_halibut",7
"208","Atlantic_halibut",9
"209","Atlantic_herring",1
"210","Atlantic_herring",2
"211","Atlantic_herring",3
"212","Atlantic_herring",4
"213","Atlantic_herring",6
"214","Atlantic_herring",7
"215","Atlantic_herring",8
"216","Atlantic_herring",9
"217","Atlantic_herring",10
"218","Atlantic_herring",11
"219","Atlantic_mackerel",1
"220","Atlantic_mackerel",2
"221","Atlantic_mackerel",3
"222","Atlantic_mackerel",4
"223","Atlantic_mackerel",6
"224","Atlantic_mackerel",7
"225","Atlantic_mackerel",8
"226","Atlantic_mackerel",9
"227","Atlantic_mackerel",10
"228","Atlantic_mackerel",11
"229","Atlantic_menhaden",3
"230","Atlantic_menhaden",4
"231","Atlantic_menhaden",6
"232","Atlantic_menhaden",7
"233","Atlantic_menhaden",9
"234","Atlantic_menhaden",10
"235","Atlantic_menhaden",11
"236","atlantic_puffin_normalized_AEA",1
"237","atlantic_puffin_normalized_AEA",2
"238","atlantic_puffin_normalized_AEA",3
"239","atlantic_puffin_normalized_AEA",4
"240","atlantic_puffin_normalized_AEA",6
"241","atlantic_puffin_normalized_AEA",7
"242","atlantic_puffin_normalized_AEA",8
"243","atlantic_puffin_normalized_AEA",9
"244","atlantic_puffin_normalized_AEA",10
"245","atlantic_puffin_normalized_AEA",11
"246","Atlantic_sturgeon",4
"247","Atlantic_sturgeon",10
"248","Atlantic_torpedo",1
"249","Atlantic_torpedo",2
"250","Atlantic_torpedo",3
"251","Atlantic_torpedo",4
"252","Atlantic_torpedo",6
"253","Atlantic_torpedo",7
"254","Atlantic_torpedo",8
"255","Atlantic_torpedo",9
"256","Atlantic_torpedo",11
"257","Atlantic_wolffish",2
"258","Atlantic_wolffish",3
"259","Atlantic_wolffish",6
"260","Atlantic_wolffish",7
"261","Atlantic_wolffish",9
"262","audubons_shearwater_normalized_AEA",1
"263","audubons_shearwater_normalized_AEA",4
"264","band_rumped_storm_petrel_normalized_AEA",1
"265","band_rumped_storm_petrel_normalized_AEA",2
"266","band_rumped_storm_petrel_normalized_AEA",4
"267","Barndoor_skate",1
"268","Barndoor_skate",2
"269","Barndoor_skate",3
"270","Barndoor_skate",4
"271","Barndoor_skate",6
"272","Barndoor_skate",7
"273","Bay_anchovy",4
"274","Bay_anchovy",7
"275","Bay_anchovy",8
"276","Bay_anchovy",10
"277","Bay_anchovy",11
"278","black_capped_petrel_normalized_AEA",1
"279","black_guillemot_normalized_AEA",1
"280","black_guillemot_normalized_AEA",2
"281","black_guillemot_normalized_AEA",3
"282","black_guillemot_normalized_AEA",4
"283","black_guillemot_normalized_AEA",6
"284","black_guillemot_normalized_AEA",7
"285","black_guillemot_normalized_AEA",8
"286","black_guillemot_normalized_AEA",9
"287","black_guillemot_normalized_AEA",10
"288","black_guillemot_normalized_AEA",11
"289","black_legged_kittiwake_normalized_AEA",1
"290","black_legged_kittiwake_normalized_AEA",2
"291","black_legged_kittiwake_normalized_AEA",3
"292","black_legged_kittiwake_normalized_AEA",4
"293","black_legged_kittiwake_normalized_AEA",6
"294","black_legged_kittiwake_normalized_AEA",7
"295","black_legged_kittiwake_normalized_AEA",8
"296","black_legged_kittiwake_normalized_AEA",9
"297","black_legged_kittiwake_normalized_AEA",10
"298","black_legged_kittiwake_normalized_AEA",11
"299","black_scoter_normalized_AEA",1
"300","black_scoter_normalized_AEA",2
"301","black_scoter_normalized_AEA",3
"302","black_scoter_normalized_AEA",4
"303","black_scoter_normalized_AEA",6
"304","black_scoter_normalized_AEA",7
"305","black_scoter_normalized_AEA",8
"306","black_scoter_normalized_AEA",9
"307","black_scoter_normalized_AEA",10
"308","black_scoter_normalized_AEA",11
"309","Black_sea_bass",1
"310","Black_sea_bass",2
"311","Black_sea_bass",3
"312","Black_sea_bass",4
"313","Black_sea_bass",6
"314","Black_sea_bass",7
"315","Black_sea_bass",8
"316","Black_sea_bass",9
"317","Black_sea_bass",10
"318","Black_sea_bass",11
"319","Blackbelly_rosefish",1
"320","Blackbelly_rosefish",2
"321","Blackbelly_rosefish",3
"322","Blackbelly_rosefish",4
"323","Blainvilles beaked whale",1
"324","Blainvilles beaked whale",2
"325","Blainvilles beaked whale",4
"326","Blueback_herring",1
"327","Blueback_herring",2
"328","Blueback_herring",3
"329","Blueback_herring",4
"330","Blueback_herring",6
"331","Blueback_herring",7
"332","Blueback_herring",8
"333","Blueback_herring",9
"334","Blueback_herring",10
"335","Blueback_herring",11
"336","Bluefish",1
"337","Bluefish",2
"338","Bluefish",3
"339","Bluefish",4
"340","Bluefish",7
"341","Bluefish",8
"342","Bluefish",10
"343","Bluefish",11
"344","bonapartes_gull_normalized_AEA",1
"345","bonapartes_gull_normalized_AEA",2
"346","bonapartes_gull_normalized_AEA",3
"347","bonapartes_gull_normalized_AEA",4
"348","bonapartes_gull_normalized_AEA",6
"349","bonapartes_gull_normalized_AEA",7
"350","bonapartes_gull_normalized_AEA",8
"351","bonapartes_gull_normalized_AEA",9
"352","bonapartes_gull_normalized_AEA",10
"353","bonapartes_gull_normalized_AEA",11
"354","Bottlenose dolphin",1
"355","Bottlenose dolphin",2
"356","Bottlenose dolphin",3
"357","Bottlenose dolphin",4
"358","Bottlenose dolphin",6
"359","Bottlenose dolphin",7
"360","Bottlenose dolphin",8
"361","Bottlenose dolphin",9
"362","Bottlenose dolphin",10
"363","Bottlenose dolphin",11
"364","bridled_tern_normalized_AEA",1
"365","bridled_tern_normalized_AEA",2
"366","bridled_tern_normalized_AEA",3
"367","bridled_tern_normalized_AEA",4
"368","bridled_tern_normalized_AEA",7
"369","brown_pelican_normalized_AEA",1
"370","brown_pelican_normalized_AEA",2
"371","brown_pelican_normalized_AEA",3
"372","brown_pelican_normalized_AEA",4
"373","brown_pelican_normalized_AEA",6
"374","brown_pelican_normalized_AEA",7
"375","brown_pelican_normalized_AEA",8
"376","brown_pelican_normalized_AEA",10
"377","brown_pelican_normalized_AEA",11
"378","Bullnose_ray",4
"379","Butterfish",1
"380","Butterfish",2
"381","Butterfish",3
"382","Butterfish",4
"383","Butterfish",6
"384","Butterfish",7
"385","Butterfish",8
"386","Butterfish",9
"387","Butterfish",10
"388","Butterfish",11
"389","Clearnose_skate",4
"390","Clearnose_skate",10
"391","Clearnose_skate",11
"392","common_eider_normalized_AEA",1
"393","common_eider_normalized_AEA",2
"394","common_eider_normalized_AEA",3
"395","common_eider_normalized_AEA",4
"396","common_eider_normalized_AEA",6
"397","common_eider_normalized_AEA",7
"398","common_eider_normalized_AEA",8
"399","common_eider_normalized_AEA",9
"400","common_eider_normalized_AEA",10
"401","common_eider_normalized_AEA",11
"402","common_loon_normalized_AEA",1
"403","common_loon_normalized_AEA",2
"404","common_loon_normalized_AEA",3
"405","common_loon_normalized_AEA",4
"406","common_loon_normalized_AEA",6
"407","common_loon_normalized_AEA",7
"408","common_loon_normalized_AEA",8
"409","common_loon_normalized_AEA",9
"410","common_loon_normalized_AEA",10
"411","common_loon_normalized_AEA",11
"412","common_murre_normalized_AEA",1
"413","common_murre_normalized_AEA",2
"414","common_murre_normalized_AEA",3
"415","common_murre_normalized_AEA",4
"416","common_murre_normalized_AEA",6
"417","common_murre_normalized_AEA",7
"418","common_murre_normalized_AEA",8
"419","common_murre_normalized_AEA",9
"420","common_murre_normalized_AEA",10
"421","common_murre_normalized_AEA",11
"422","common_tern_normalized_AEA",1
"423","common_tern_normalized_AEA",2
"424","common_tern_normalized_AEA",3
"425","common_tern_normalized_AEA",4
"426","common_tern_normalized_AEA",6
"427","common_tern_normalized_AEA",7
"428","common_tern_normalized_AEA",8
"429","common_tern_normalized_AEA",9
"430","common_tern_normalized_AEA",10
"431","common_tern_normalized_AEA",11
"432","corys_shearwater_normalized_AEA",1
"433","corys_shearwater_normalized_AEA",2
"434","corys_shearwater_normalized_AEA",3
"435","corys_shearwater_normalized_AEA",4
"436","corys_shearwater_normalized_AEA",7
"437","corys_shearwater_normalized_AEA",8
"438","corys_shearwater_normalized_AEA",11
"439","Cunner",1
"440","Cunner",2
"441","Cunner",3
"442","Cunner",4
"443","Cunner",6
"444","Cunner",7
"445","Cunner",8
"446","Cunner",9
"447","Cunner",10
"448","Cunner",11
"449","Cusk",1
"450","Cusk",2
"451","Cusk",3
"452","Cusk",6
"453","Cusk",7
"454","Cuviers beaked whale",1
"455","Cuviers beaked whale",2
"456","Cuviers beaked whale",4
"457","double_crested_cormorant_normalized_AEA",1
"458","double_crested_cormorant_normalized_AEA",2
"459","double_crested_cormorant_normalized_AEA",3
"460","double_crested_cormorant_normalized_AEA",4
"461","double_crested_cormorant_normalized_AEA",6
"462","double_crested_cormorant_normalized_AEA",7
"463","double_crested_cormorant_normalized_AEA",8
"464","double_crested_cormorant_normalized_AEA",9
"465","double_crested_cormorant_normalized_AEA",10
"466","double_crested_cormorant_normalized_AEA",11
"467","dovekie_normalized_AEA",1
"468","dovekie_normalized_AEA",2
"469","dovekie_normalized_AEA",3
"470","dovekie_normalized_AEA",4
"471","dovekie_normalized_AEA",6
"472","dovekie_normalized_AEA",7
"473","dovekie_normalized_AEA",8
"474","dovekie_normalized_AEA",10
"475","dovekie_normalized_AEA",11
"476","Fin whale",1
"477","Fin whale",2
"478","Fin whale",3
"479","Fin whale",4
"480","Fin whale",6
"481","Fin whale",7
"482","Fin whale",8
"483","Fin whale",9
"484","Fourspot_flounder",1
"485","Fourspot_flounder",2
"486","Fourspot_flounder",3
"487","Fourspot_flounder",4
"488","Fourspot_flounder",6
"489","Fourspot_flounder",7
"490","Fourspot_flounder",8
"491","Fourspot_flounder",9
"492","Fourspot_flounder",10
"493","Fourspot_flounder",11
"494","Gervais beaked whale",1
"495","Gervais beaked whale",2
"496","Gervais beaked whale",4
"497","Goosefish",1
"498","Goosefish",2
"499","Goosefish",3
"500","Goosefish",4
"501","Goosefish",6
"502","Goosefish",7
"503","Goosefish",8
"504","Goosefish",9
"505","Goosefish",10
"506","Goosefish",11
"507","great_black_backed_gull_normalized_AEA",1
"508","great_black_backed_gull_normalized_AEA",2
"509","great_black_backed_gull_normalized_AEA",3
"510","great_black_backed_gull_normalized_AEA",4
"511","great_black_backed_gull_normalized_AEA",6
"512","great_black_backed_gull_normalized_AEA",7
"513","great_black_backed_gull_normalized_AEA",8
"514","great_black_backed_gull_normalized_AEA",9
"515","great_black_backed_gull_normalized_AEA",10
"516","great_black_backed_gull_normalized_AEA",11
"517","great_shearwater_normalized_AEA",1
"518","great_shearwater_normalized_AEA",2
"519","great_shearwater_normalized_AEA",3
"520","great_shearwater_normalized_AEA",4
"521","great_shearwater_normalized_AEA",6
"522","great_shearwater_normalized_AEA",7
"523","great_shearwater_normalized_AEA",8
"524","great_shearwater_normalized_AEA",9
"525","great_shearwater_normalized_AEA",10
"526","great_shearwater_normalized_AEA",11
"527","great_skua_normalized_AEA",1
"528","great_skua_normalized_AEA",2
"529","great_skua_normalized_AEA",3
"530","great_skua_normalized_AEA",4
"531","Gulf_stream_flounder",1
"532","Gulf_stream_flounder",2
"533","Gulf_stream_flounder",3
"534","Gulf_stream_flounder",4
"535","Gulf_stream_flounder",8
"536","Gulf_stream_flounder",10
"537","Gulf_stream_flounder",11
"538","Haddock",1
"539","Haddock",2
"540","Haddock",3
"541","Haddock",4
"542","Haddock",6
"543","Haddock",7
"544","Haddock",9
"545","Harbor porpoise",1
"546","Harbor porpoise",2
"547","Harbor porpoise",3
"548","Harbor porpoise",4
"549","Harbor porpoise",5
"550","Harbor porpoise",6
"551","Harbor porpoise",7
"552","Harbor porpoise",8
"553","Harbor porpoise",9
"554","Harbor porpoise",10
"555","Harbor porpoise",11
"556","herring_gull_normalized_AEA",1
"557","herring_gull_normalized_AEA",2
"558","herring_gull_normalized_AEA",3
"559","herring_gull_normalized_AEA",4
"560","herring_gull_normalized_AEA",6
"561","herring_gull_normalized_AEA",7
"562","herring_gull_normalized_AEA",8
"563","herring_gull_normalized_AEA",9
"564","herring_gull_normalized_AEA",10
"565","herring_gull_normalized_AEA",11
"566","horned_grebe_normalized_AEA",1
"567","horned_grebe_normalized_AEA",2
"568","horned_grebe_normalized_AEA",3
"569","horned_grebe_normalized_AEA",4
"570","horned_grebe_normalized_AEA",6
"571","horned_grebe_normalized_AEA",7
"572","horned_grebe_normalized_AEA",8
"573","horned_grebe_normalized_AEA",9
"574","horned_grebe_normalized_AEA",10
"575","horned_grebe_normalized_AEA",11
"576","Horseshoe_crab",3
"577","Horseshoe_crab",4
"578","Horseshoe_crab",7
"579","Horseshoe_crab",10
"580","Humpback whale",1
"581","Humpback whale",2
"582","Humpback whale",3
"583","Humpback whale",4
"584","Humpback whale",5
"585","Humpback whale",6
"586","Humpback whale",7
"587","Humpback whale",8
"588","Humpback whale",9
"589","Humpback whale",10
"590","Humpback whale",11
"591","Jonah_crab",1
"592","Jonah_crab",2
"593","Jonah_crab",3
"594","Jonah_crab",4
"595","Jonah_crab",6
"596","Jonah_crab",7
"597","Jonah_crab",8
"598","Jonah_crab",9
"599","Jonah_crab",10
"600","Jonah_crab",11
"601","laughing_gull_normalized_AEA",2
"602","laughing_gull_normalized_AEA",3
"603","laughing_gull_normalized_AEA",4
"604","laughing_gull_normalized_AEA",6
"605","laughing_gull_normalized_AEA",7
"606","laughing_gull_normalized_AEA",8
"607","laughing_gull_normalized_AEA",9
"608","laughing_gull_normalized_AEA",10
"609","laughing_gull_normalized_AEA",11
"610","leachs_storm_petrel_normalized_AEA",1
"611","leachs_storm_petrel_normalized_AEA",2
"612","leachs_storm_petrel_normalized_AEA",3
"613","leachs_storm_petrel_normalized_AEA",4
"614","leachs_storm_petrel_normalized_AEA",6
"615","leachs_storm_petrel_normalized_AEA",7
"616","least_tern_normalized_AEA",2
"617","least_tern_normalized_AEA",3
"618","least_tern_normalized_AEA",4
"619","least_tern_normalized_AEA",6
"620","least_tern_normalized_AEA",7
"621","least_tern_normalized_AEA",8
"622","least_tern_normalized_AEA",9
"623","least_tern_normalized_AEA",10
"624","least_tern_normalized_AEA",11
"625","Little_skate",1
"626","Little_skate",2
"627","Little_skate",3
"628","Little_skate",4
"629","Little_skate",6
"630","Little_skate",7
"631","Little_skate",8
"632","Little_skate",9
"633","Little_skate",10
"634","Little_skate",11
"635","Long finned pilot whale",1
"636","Long finned pilot whale",2
"637","Long finned pilot whale",3
"638","Long finned pilot whale",4
"639","long_tailed_duck_normalized_AEA",1
"640","long_tailed_duck_normalized_AEA",2
"641","long_tailed_duck_normalized_AEA",3
"642","long_tailed_duck_normalized_AEA",4
"643","long_tailed_duck_normalized_AEA",6
"644","long_tailed_duck_normalized_AEA",7
"645","long_tailed_duck_normalized_AEA",8
"646","long_tailed_duck_normalized_AEA",9
"647","long_tailed_duck_normalized_AEA",10
"648","long_tailed_duck_normalized_AEA",11
"649","Longfin_squid",1
"650","Longfin_squid",2
"651","Longfin_squid",3
"652","Longfin_squid",4
"653","Longfin_squid",6
"654","Longfin_squid",7
"655","Longfin_squid",8
"656","Longfin_squid",9
"657","Longfin_squid",10
"658","Longfin_squid",11
"659","Longhorn_sculpin",1
"660","Longhorn_sculpin",2
"661","Longhorn_sculpin",3
"662","Longhorn_sculpin",4
"663","Longhorn_sculpin",6
"664","Longhorn_sculpin",7
"665","Longhorn_sculpin",8
"666","Longhorn_sculpin",9
"667","Longhorn_sculpin",10
"668","Longhorn_sculpin",11
"669","manx_shearwater_normalized_AEA",1
"670","manx_shearwater_normalized_AEA",2
"671","manx_shearwater_normalized_AEA",3
"672","manx_shearwater_normalized_AEA",4
"673","manx_shearwater_normalized_AEA",6
"674","manx_shearwater_normalized_AEA",7
"675","manx_shearwater_normalized_AEA",8
"676","Minke whale",1
"677","Minke whale",2
"678","Minke whale",3
"679","Minke whale",4
"680","Minke whale",6
"681","Minke whale",7
"682","Minke whale",8
"683","Minke whale",9
"684","Minke whale",10
"685","North Atlantic right whale",1
"686","North Atlantic right whale",2
"687","North Atlantic right whale",3
"688","North Atlantic right whale",4
"689","North Atlantic right whale",5
"690","North Atlantic right whale",6
"691","North Atlantic right whale",7
"692","North Atlantic right whale",8
"693","North Atlantic right whale",9
"694","North Atlantic right whale",10
"695","North Atlantic right whale",11
"696","northern_fulmar_normalized_AEA",1
"697","northern_fulmar_normalized_AEA",2
"698","northern_fulmar_normalized_AEA",3
"699","northern_fulmar_normalized_AEA",4
"700","northern_fulmar_normalized_AEA",6
"701","northern_fulmar_normalized_AEA",7
"702","northern_gannet_normalized_AEA",1
"703","northern_gannet_normalized_AEA",2
"704","northern_gannet_normalized_AEA",3
"705","northern_gannet_normalized_AEA",4
"706","northern_gannet_normalized_AEA",6
"707","northern_gannet_normalized_AEA",7
"708","northern_gannet_normalized_AEA",8
"709","northern_gannet_normalized_AEA",9
"710","northern_gannet_normalized_AEA",10
"711","northern_gannet_normalized_AEA",11
"712","Northern_kingfish",1
"713","Northern_kingfish",2
"714","Northern_kingfish",4
"715","Northern_kingfish",7
"716","Northern_kingfish",8
"717","Northern_kingfish",10
"718","Northern_kingfish",11
"719","Northern_pipefish",2
"720","Northern_pipefish",3
"721","Northern_pipefish",4
"722","Northern_pipefish",7
"723","Northern_pipefish",8
"724","Northern_pipefish",10
"725","Northern_pipefish",11
"726","Northern_puffer",4
"727","Northern_puffer",8
"728","Northern_puffer",10
"729","Northern_puffer",11
"730","Northern_sand_lance",2
"731","Northern_sand_lance",3
"732","Northern_sand_lance",4
"733","Northern_sand_lance",6
"734","Northern_sand_lance",7
"735","Northern_sand_lance",8
"736","Northern_sand_lance",9
"737","Northern_sand_lance",10
"738","Northern_sand_lance",11
"739","Northern_searobin",1
"740","Northern_searobin",2
"741","Northern_searobin",3
"742","Northern_searobin",4
"743","Northern_searobin",6
"744","Northern_searobin",7
"745","Northern_searobin",8
"746","Northern_searobin",9
"747","Northern_searobin",10
"748","Northern_searobin",11
"749","Northern_shortfin_squid",1
"750","Northern_shortfin_squid",2
"751","Northern_shortfin_squid",3
"752","Northern_shortfin_squid",4
"753","Northern_shortfin_squid",6
"754","Northern_shortfin_squid",7
"755","Northern_shortfin_squid",9
"756","Northern_shrimp",2
"757","Northern_shrimp",3
"758","Northern_shrimp",6
"759","Northern_shrimp",7
"760","Northern_shrimp",9
"761","Ocean_pout",1
"762","Ocean_pout",2
"763","Ocean_pout",3
"764","Ocean_pout",4
"765","Ocean_pout",6
"766","Ocean_pout",7
"767","Ocean_pout",8
"768","Ocean_pout",9
"769","Ocean_pout",10
"770","Ocean_pout",11
"771","parasitic_jaeger_normalized_AEA",1
"772","parasitic_jaeger_normalized_AEA",2
"773","parasitic_jaeger_normalized_AEA",3
"774","parasitic_jaeger_normalized_AEA",4
"775","parasitic_jaeger_normalized_AEA",6
"776","parasitic_jaeger_normalized_AEA",7
"777","parasitic_jaeger_normalized_AEA",8
"778","parasitic_jaeger_normalized_AEA",9
"779","parasitic_jaeger_normalized_AEA",10
"780","parasitic_jaeger_normalized_AEA",11
"781","Pinfish",2
"782","Pinfish",4
"783","Pinfish",8
"784","Pinfish",10
"785","Pinfish",11
"786","Pollock",2
"787","Pollock",3
"788","Pollock",6
"789","Pollock",7
"790","Pollock",9
"791","pomarine_jaeger_normalized_AEA",1
"792","pomarine_jaeger_normalized_AEA",2
"793","pomarine_jaeger_normalized_AEA",3
"794","pomarine_jaeger_normalized_AEA",4
"795","pomarine_jaeger_normalized_AEA",6
"796","razorbill_normalized_AEA",1
"797","razorbill_normalized_AEA",2
"798","razorbill_normalized_AEA",3
"799","razorbill_normalized_AEA",4
"800","razorbill_normalized_AEA",6
"801","razorbill_normalized_AEA",7
"802","razorbill_normalized_AEA",8
"803","razorbill_normalized_AEA",9
"804","razorbill_normalized_AEA",10
"805","razorbill_normalized_AEA",11
"806","red_breasted_merganser_normalized_AEA",1
"807","red_breasted_merganser_normalized_AEA",2
"808","red_breasted_merganser_normalized_AEA",3
"809","red_breasted_merganser_normalized_AEA",4
"810","red_breasted_merganser_normalized_AEA",6
"811","red_breasted_merganser_normalized_AEA",7
"812","red_breasted_merganser_normalized_AEA",8
"813","red_breasted_merganser_normalized_AEA",9
"814","red_breasted_merganser_normalized_AEA",10
"815","red_breasted_merganser_normalized_AEA",11
"816","Red_hake",1
"817","Red_hake",2
"818","Red_hake",3
"819","Red_hake",4
"820","Red_hake",6
"821","Red_hake",7
"822","Red_hake",9
"823","red_necked_phalarope_normalized_AEA",1
"824","red_necked_phalarope_normalized_AEA",2
"825","red_necked_phalarope_normalized_AEA",3
"826","red_necked_phalarope_normalized_AEA",4
"827","red_necked_phalarope_normalized_AEA",6
"828","red_necked_phalarope_normalized_AEA",7
"829","red_necked_phalarope_normalized_AEA",8
"830","red_necked_phalarope_normalized_AEA",9
"831","red_necked_phalarope_normalized_AEA",10
"832","red_phalarope_normalized_AEA",1
"833","red_phalarope_normalized_AEA",2
"834","red_phalarope_normalized_AEA",3
"835","red_phalarope_normalized_AEA",4
"836","red_phalarope_normalized_AEA",6
"837","red_phalarope_normalized_AEA",7
"838","red_phalarope_normalized_AEA",8
"839","red_phalarope_normalized_AEA",10
"840","red_phalarope_normalized_AEA",11
"841","red_throated_loon_normalized_AEA",1
"842","red_throated_loon_normalized_AEA",2
"843","red_throated_loon_normalized_AEA",3
"844","red_throated_loon_normalized_AEA",4
"845","red_throated_loon_normalized_AEA",6
"846","red_throated_loon_normalized_AEA",7
"847","red_throated_loon_normalized_AEA",8
"848","red_throated_loon_normalized_AEA",9
"849","red_throated_loon_normalized_AEA",10
"850","red_throated_loon_normalized_AEA",11
"851","ring_billed_gull_normalized_AEA",1
"852","ring_billed_gull_normalized_AEA",2
"853","ring_billed_gull_normalized_AEA",3
"854","ring_billed_gull_normalized_AEA",4
"855","ring_billed_gull_normalized_AEA",6
"856","ring_billed_gull_normalized_AEA",7
"857","ring_billed_gull_normalized_AEA",8
"858","ring_billed_gull_normalized_AEA",9
"859","ring_billed_gull_normalized_AEA",10
"860","ring_billed_gull_normalized_AEA",11
"861","Rissos dolphin",1
"862","Rissos dolphin",2
"863","Rissos dolphin",3
"864","Rissos dolphin",4
"865","roseate_tern_normalized_AEA",1
"866","roseate_tern_normalized_AEA",2
"867","roseate_tern_normalized_AEA",3
"868","roseate_tern_normalized_AEA",4
"869","roseate_tern_normalized_AEA",6
"870","roseate_tern_normalized_AEA",7
"871","roseate_tern_normalized_AEA",8
"872","roseate_tern_normalized_AEA",9
"873","roseate_tern_normalized_AEA",10
"874","roseate_tern_normalized_AEA",11
"875","Rosette_skate",1
"876","Rosette_skate",2
"877","Rosette_skate",3
"878","Rosette_skate",4
"879","Roughtail_stingray",4
"880","Roughtail_stingray",10
"881","Round_herring",1
"882","Round_herring",2
"883","Round_herring",4
"884","Round_herring",8
"885","Round_herring",10
"886","Round_herring",11
"887","royal_tern_normalized_AEA",1
"888","royal_tern_normalized_AEA",3
"889","royal_tern_normalized_AEA",4
"890","royal_tern_normalized_AEA",8
"891","royal_tern_normalized_AEA",10
"892","Scup",1
"893","Scup",2
"894","Scup",3
"895","Scup",4
"896","Scup",6
"897","Scup",7
"898","Scup",8
"899","Scup",9
"900","Scup",10
"901","Scup",11
"902","Sea_raven",1
"903","Sea_raven",2
"904","Sea_raven",3
"905","Sea_raven",4
"906","Sea_raven",6
"907","Sea_raven",7
"908","Sea_raven",8
"909","Sea_raven",9
"910","Sea_raven",10
"911","Sea_raven",11
"912","Sea_scallop",1
"913","Sea_scallop",2
"914","Sea_scallop",3
"915","Sea_scallop",4
"916","Sea_scallop",6
"917","Sea_scallop",7
"918","Sea_scallop",8
"919","Sea_scallop",9
"920","Sea_scallop",10
"921","Sea_scallop",11
"922","Sei whale",1
"923","Sei whale",2
"924","Sei whale",3
"925","Sei whale",4
"926","Sei whale",6
"927","Sei whale",7
"928","Sei whale",8
"929","Sei whale",9
"930","Short beaked common dolphin",1
"931","Short beaked common dolphin",2
"932","Short beaked common dolphin",3
"933","Short beaked common dolphin",4
"934","Short beaked common dolphin",8
"935","Short finned pilot whale",1
"936","Short finned pilot whale",2
"937","Short finned pilot whale",4
"938","Silver_hake",1
"939","Silver_hake",2
"940","Silver_hake",3
"941","Silver_hake",4
"942","Silver_hake",6
"943","Silver_hake",7
"944","Silver_hake",8
"945","Silver_hake",9
"946","Silver_hake",10
"947","Smooth_dogfish",1
"948","Smooth_dogfish",2
"949","Smooth_dogfish",3
"950","Smooth_dogfish",4
"951","Smooth_dogfish",7
"952","Smooth_dogfish",8
"953","Smooth_dogfish",10
"954","Smooth_dogfish",11
"955","Smooth_skate",1
"956","Smooth_skate",2
"957","Smooth_skate",3
"958","Smooth_skate",6
"959","Smooth_skate",7
"960","sooty_shearwater_normalized_AEA",1
"961","sooty_shearwater_normalized_AEA",2
"962","sooty_shearwater_normalized_AEA",3
"963","sooty_shearwater_normalized_AEA",4
"964","sooty_shearwater_normalized_AEA",6
"965","sooty_shearwater_normalized_AEA",7
"966","sooty_shearwater_normalized_AEA",8
"967","sooty_shearwater_normalized_AEA",9
"968","sooty_shearwater_normalized_AEA",10
"969","sooty_shearwater_normalized_AEA",11
"970","sooty_tern_normalized_AEA",4
"971","south_polar_skua_normalized_AEA",1
"972","south_polar_skua_normalized_AEA",2
"973","south_polar_skua_normalized_AEA",3
"974","south_polar_skua_normalized_AEA",4
"975","Sowerbys beaked whale",1
"976","Sowerbys beaked whale",2
"977","Sowerbys beaked whale",4
"978","Sperm whale",1
"979","Sperm whale",2
"980","Sperm whale",3
"981","Sperm whale",4
"982","Spiny_dogfish",1
"983","Spiny_dogfish",2
"984","Spiny_dogfish",3
"985","Spiny_dogfish",4
"986","Spiny_dogfish",6
"987","Spiny_dogfish",7
"988","Spiny_dogfish",8
"989","Spiny_dogfish",9
"990","Spiny_dogfish",10
"991","Spiny_dogfish",11
"992","Spot",4
"993","Spot",10
"994","Spotted_hake",1
"995","Spotted_hake",2
"996","Spotted_hake",3
"997","Spotted_hake",4
"998","Spotted_hake",7
"999","Spotted_hake",8
"1000","Spotted_hake",10
"1001","Spotted_hake",11
"1002","Striped dolphin",1
"1003","Striped dolphin",2
"1004","Striped dolphin",4
"1005","Striped_anchovy",4
"1006","Striped_anchovy",10
"1007","Striped_bass",2
"1008","Striped_bass",3
"1009","Striped_bass",4
"1010","Striped_bass",7
"1011","Striped_bass",8
"1012","Striped_bass",10
"1013","Striped_bass",11
"1014","Striped_searobin",1
"1015","Striped_searobin",2
"1016","Striped_searobin",3
"1017","Striped_searobin",4
"1018","Striped_searobin",6
"1019","Striped_searobin",7
"1020","Striped_searobin",8
"1021","Striped_searobin",9
"1022","Striped_searobin",10
"1023","Striped_searobin",11
"1024","Summer_flounder",1
"1025","Summer_flounder",2
"1026","Summer_flounder",3
"1027","Summer_flounder",4
"1028","Summer_flounder",7
"1029","Summer_flounder",8
"1030","Summer_flounder",10
"1031","Summer_flounder",11
"1032","surf_scoter_normalized_AEA",1
"1033","surf_scoter_normalized_AEA",2
"1034","surf_scoter_normalized_AEA",3
"1035","surf_scoter_normalized_AEA",4
"1036","surf_scoter_normalized_AEA",6
"1037","surf_scoter_normalized_AEA",7
"1038","surf_scoter_normalized_AEA",8
"1039","surf_scoter_normalized_AEA",9
"1040","surf_scoter_normalized_AEA",10
"1041","surf_scoter_normalized_AEA",11
"1042","Tautog",2
"1043","Tautog",3
"1044","Tautog",4
"1045","Tautog",7
"1046","Tautog",8
"1047","Tautog",10
"1048","Tautog",11
"1049","thick_billed_murre_normalized_AEA",1
"1050","thick_billed_murre_normalized_AEA",2
"1051","thick_billed_murre_normalized_AEA",3
"1052","thick_billed_murre_normalized_AEA",4
"1053","thick_billed_murre_normalized_AEA",6
"1054","thick_billed_murre_normalized_AEA",7
"1055","thick_billed_murre_normalized_AEA",8
"1056","thick_billed_murre_normalized_AEA",9
"1057","Thorny_skate",1
"1058","Thorny_skate",2
"1059","Thorny_skate",3
"1060","Thorny_skate",6
"1061","Thorny_skate",7
"1062","Thorny_skate",9
"1063","Tilefish",1
"1064","Tilefish",2
"1065","Tilefish",4
"1066","Trues beaked whale",1
"1067","Trues beaked whale",2
"1068","Trues beaked whale",4
"1069","Weakfish",1
"1070","Weakfish",2
"1071","Weakfish",4
"1072","Weakfish",10
"1073","White_hake",1
"1074","White_hake",2
"1075","White_hake",3
"1076","White_hake",4
"1077","White_hake",6
"1078","White_hake",7
"1079","White_hake",9
"1080","white_winged_scoter_normalized_AEA",1
"1081","white_winged_scoter_normalized_AEA",2
"1082","white_winged_scoter_normalized_AEA",3
"1083","white_winged_scoter_normalized_AEA",4
"1084","white_winged_scoter_normalized_AEA",6
"1085","white_winged_scoter_normalized_AEA",7
"1086","white_winged_scoter_normalized_AEA",8
"1087","white_winged_scoter_normalized_AEA",9
"1088","white_winged_scoter_normalized_AEA",10
"1089","white_winged_scoter_normalized_AEA",11
"1090","wilsons_storm_petrel_normalized_AEA",1
"1091","wilsons_storm_petrel_normalized_AEA",2
"1092","wilsons_storm_petrel_normalized_AEA",3
"1093","wilsons_storm_petrel_normalized_AEA",4
"1094","wilsons_storm_petrel_normalized_AEA",6
"1095","wilsons_storm_petrel_normalized_AEA",7
"1096","wilsons_storm_petrel_normalized_AEA",8
"1097","wilsons_storm_petrel_normalized_AEA",9
"1098","wilsons_storm_petrel_normalized_AEA",10
"1099","wilsons_storm_petrel_normalized_AEA",11
"1100","Windowpane",1
"1101","Windowpane",2
"1102","Windowpane",3
"1103","Windowpane",4
"1104","Windowpane",6
"1105","Windowpane",7
"1106","Windowpane",8
"1107","Windowpane",9
"1108","Windowpane",10
"1109","Windowpane",11
"1110","Winter_flounder",2
"1111","Winter_flounder",3
"1112","Winter_flounder",4
"1113","Winter_flounder",6
"1114","Winter_flounder",7
"1115","Winter_flounder",8
"1116","Winter_flounder",9
"1117","Winter_flounder",10
"1118","Winter_flounder",11
"1119","Winter_skate",1
"1120","Winter_skate",2
"1121","Winter_skate",3
"1122","Winter_skate",4
"1123","Winter_skate",6
"1124","Winter_skate",7
"1125","Winter_skate",8
"1126","Winter_skate",9
"1127","Winter_skate",10
"1128","Winter_skate",11
"1129","Witch_flounder",1
"1130","Witch_flounder",2
"1131","Witch_flounder",3
"1132","Witch_flounder",4
"1133","Witch_flounder",6
"1134","Witch_flounder",7
"1135","Witch_flounder",9
"1136","Yellowtail_flounder",1
"1137","Yellowtail_flounder",2
"1138","Yellowtail_flounder",3
"1139","Yellowtail_flounder",4
"1140","Yellowtail_flounder",6
"1141","Yellowtail_flounder",7
"1142","Yellowtail_flounder",8
"1143","Yellowtail_flounder",9
"1144","Yellowtail_flounder",10
"1145","Yellowtail_flounder",11
